itemname,category,year,month,itemunit,itemvalue
環保專業人員合格證書有效張數,其他環保統計,109,7,張,233214
環保人員訓練人次,其他環保統計,109,7,人次,2277
環保署環境影響評估報告書完成審查件數,其他環保統計,109,7,件,0
環保署環境影響評估報告書應處理件數,其他環保統計,109,7,件,3
環保署環境影響說明書完成審查件數,其他環保統計,109,7,件,4
環保署環境影響說明書應處理件數,其他環保統計,109,7,件,12
污染源稽查實收罰款金額,其他環保統計,109,7,千元,95998
污染源稽查罰款次數,其他環保統計,109,7,次,25585
污染源稽查次數,其他環保統計,109,7,次,172089
其他對象之公害陳情案件數,公害陳情,109,7,件,4477
一般居民之公害陳情案件數,公害陳情,109,7,件,9585
交通工具之公害陳情案件數,公害陳情,109,7,件,212
營建工程之公害陳情案件數,公害陳情,109,7,件,2013
工業之公害陳情案件數,公害陳情,109,7,件,3302
商業之公害陳情案件數,公害陳情,109,7,件,4182
機關團體學校醫院之公害陳情案件數,公害陳情,109,7,件,187
其他污染公害陳情案件數,公害陳情,109,7,件,104
異味污染物公害陳情案件數,公害陳情,109,7,件,8070
廢棄物及環境衛生公害陳情案件數,公害陳情,109,7,件,8215
噪音公害陳情案件數,公害陳情,109,7,件,6011
水污染公害陳情案件數,公害陳情,109,7,件,650
空氣污染公害陳情案件數,公害陳情,109,7,件,908
公害陳情案件總數,公害陳情,109,7,件,23958
自來水檢驗不合格率,環境衛生及毒化物管理,109,7,%,0.2
垃圾焚化廠焚化(處理)量,廢棄物管理,109,7,公噸,591201
垃圾焚化廠進廠量,廢棄物管理,109,7,公噸,573247
一般廢棄物回收率,廢棄物管理,109,7,%,60.8
衛生掩埋量,廢棄物管理,109,7,公噸,9625
焚化量,廢棄物管理,109,7,公噸,325546
回收再利用量,廢棄物管理,109,7,公噸,532664
一般廢棄物處理量,廢棄物管理,109,7,公噸,867834
平均每人每日廚餘回收量,廢棄物管理,109,7,公斤,0.063
平均每人每日一般廢棄物產生量,廢棄物管理,109,7,公斤,1.198
廚餘回收量,廢棄物管理,109,7,公噸,45943
資源回收量,廢棄物管理,109,7,公噸,486721
一般垃圾量,廢棄物管理,109,7,公噸,343408
一般廢棄物產生量,廢棄物管理,109,7,公噸,876071
縣市空氣品質一般人工測站落塵量濃度,空氣品質保護,109,7,公噸/平方公里/月,3.48
縣市空氣品質一般人工測站鉛濃度,空氣品質保護,109,7,ug/m3,0.01
縣市空氣品質一般人工測站總懸浮微粒濃度,空氣品質保護,109,7,ug/m3,28.68
環保署空氣品質一般測站臭氧濃度,空氣品質保護,109,7,ppm,0.046
環保署空氣品質一般測站二氧化氮濃度,空氣品質保護,109,7,ppm,0.008
環保署空氣品質一般測站一氧化碳濃度,空氣品質保護,109,7,ppm,0.21
環保署空氣品質一般測站二氧化硫濃度,空氣品質保護,109,7,ppm,0.002
環保署空氣品質一般測站懸浮微粒濃度,空氣品質保護,109,7,ug/m3,17.98
環保署空氣品質一般測站細懸浮微粒(手動)濃度,空氣品質保護,109,7,ug/m3,7.28
AQI>100站日數中主要污染物為PM2.5比率,空氣品質保護,109,7,%,0
AQI>100站日數中主要污染物為臭氧比率,空氣品質保護,109,7,%,0
AQI>100站日數比率,空氣品質保護,109,7,%,1.18
環保專業人員合格證書有效張數,其他環保統計,109,8,張,234541
環保人員訓練人次,其他環保統計,109,8,人次,2383
環保署環境影響評估報告書完成審查件數,其他環保統計,109,8,件,1
環保署環境影響評估報告書應處理件數,其他環保統計,109,8,件,3
環保署環境影響說明書完成審查件數,其他環保統計,109,8,件,0
環保署環境影響說明書應處理件數,其他環保統計,109,8,件,8
污染源稽查實收罰款金額,其他環保統計,109,8,千元,99119
污染源稽查罰款次數,其他環保統計,109,8,次,26124
污染源稽查次數,其他環保統計,109,8,次,134342
其他對象之公害陳情案件數,公害陳情,109,8,件,4318
一般居民之公害陳情案件數,公害陳情,109,8,件,8598
交通工具之公害陳情案件數,公害陳情,109,8,件,196
營建工程之公害陳情案件數,公害陳情,109,8,件,1865
工業之公害陳情案件數,公害陳情,109,8,件,3120
商業之公害陳情案件數,公害陳情,109,8,件,4286
機關團體學校醫院之公害陳情案件數,公害陳情,109,8,件,164
其他污染公害陳情案件數,公害陳情,109,8,件,70
異味污染物公害陳情案件數,公害陳情,109,8,件,7554
廢棄物及環境衛生公害陳情案件數,公害陳情,109,8,件,7551
噪音公害陳情案件數,公害陳情,109,8,件,6043
水污染公害陳情案件數,公害陳情,109,8,件,595
空氣污染公害陳情案件數,公害陳情,109,8,件,734
公害陳情案件總數,公害陳情,109,8,件,22547
自來水檢驗不合格率,環境衛生及毒化物管理,109,8,%,0
垃圾焚化廠焚化(處理)量,廢棄物管理,109,8,公噸,577371
垃圾焚化廠進廠量,廢棄物管理,109,8,公噸,566166
一般廢棄物回收率,廢棄物管理,109,8,%,58.46
衛生掩埋量,廢棄物管理,109,8,公噸,8924
焚化量,廢棄物管理,109,8,公噸,323742
回收再利用量,廢棄物管理,109,8,公噸,480627
一般廢棄物處理量,廢棄物管理,109,8,公噸,813292
平均每人每日廚餘回收量,廢棄物管理,109,8,公斤,0.062
平均每人每日一般廢棄物產生量,廢棄物管理,109,8,公斤,1.125
廚餘回收量,廢棄物管理,109,8,公噸,45113
資源回收量,廢棄物管理,109,8,公噸,435514
一般垃圾量,廢棄物管理,109,8,公噸,341554
一般廢棄物產生量,廢棄物管理,109,8,公噸,822181
縣市空氣品質一般人工測站落塵量濃度,空氣品質保護,109,8,公噸/平方公里/月,3.1
縣市空氣品質一般人工測站鉛濃度,空氣品質保護,109,8,ug/m3,0.01
縣市空氣品質一般人工測站總懸浮微粒濃度,空氣品質保護,109,8,ug/m3,30.74
環保署空氣品質一般測站臭氧濃度,空氣品質保護,109,8,ppm,0.047
環保署空氣品質一般測站二氧化氮濃度,空氣品質保護,109,8,ppm,0.008
環保署空氣品質一般測站一氧化碳濃度,空氣品質保護,109,8,ppm,0.22
環保署空氣品質一般測站二氧化硫濃度,空氣品質保護,109,8,ppm,0.002
環保署空氣品質一般測站懸浮微粒濃度,空氣品質保護,109,8,ug/m3,20.17
環保署空氣品質一般測站細懸浮微粒(手動)濃度,空氣品質保護,109,8,ug/m3,9.63
AQI>100站日數中主要污染物為PM2.5比率,空氣品質保護,109,8,%,0
AQI>100站日數中主要污染物為臭氧比率,空氣品質保護,109,8,%,0
AQI>100站日數比率,空氣品質保護,109,8,%,1.18
環保專業人員合格證書有效張數,其他環保統計,109,9,張,235579
環保人員訓練人次,其他環保統計,109,9,人次,3102
環保署環境影響評估報告書完成審查件數,其他環保統計,109,9,件,0
環保署環境影響評估報告書應處理件數,其他環保統計,109,9,件,2
環保署環境影響說明書完成審查件數,其他環保統計,109,9,件,1
環保署環境影響說明書應處理件數,其他環保統計,109,9,件,13
污染源稽查實收罰款金額,其他環保統計,109,9,千元,131610
污染源稽查罰款次數,其他環保統計,109,9,次,25157
污染源稽查次數,其他環保統計,109,9,次,150229
其他對象之公害陳情案件數,公害陳情,109,9,件,4785
一般居民之公害陳情案件數,公害陳情,109,9,件,9049
交通工具之公害陳情案件數,公害陳情,109,9,件,181
營建工程之公害陳情案件數,公害陳情,109,9,件,2037
工業之公害陳情案件數,公害陳情,109,9,件,3228
商業之公害陳情案件數,公害陳情,109,9,件,4387
機關團體學校醫院之公害陳情案件數,公害陳情,109,9,件,237
其他污染公害陳情案件數,公害陳情,109,9,件,76
異味污染物公害陳情案件數,公害陳情,109,9,件,8408
廢棄物及環境衛生公害陳情案件數,公害陳情,109,9,件,7294
噪音公害陳情案件數,公害陳情,109,9,件,6662
水污染公害陳情案件數,公害陳情,109,9,件,631
空氣污染公害陳情案件數,公害陳情,109,9,件,833
公害陳情案件總數,公害陳情,109,9,件,23904
自來水檢驗不合格率,環境衛生及毒化物管理,109,9,%,0.11
垃圾焚化廠焚化(處理)量,廢棄物管理,109,9,公噸,545631
垃圾焚化廠進廠量,廢棄物管理,109,9,公噸,532954
一般廢棄物回收率,廢棄物管理,109,9,%,60.17
衛生掩埋量,廢棄物管理,109,9,公噸,8043
焚化量,廢棄物管理,109,9,公噸,301906
回收再利用量,廢棄物管理,109,9,公噸,479535
一般廢棄物處理量,廢棄物管理,109,9,公噸,789484
平均每人每日廚餘回收量,廢棄物管理,109,9,公斤,0.063
平均每人每日一般廢棄物產生量,廢棄物管理,109,9,公斤,1.127
廚餘回收量,廢棄物管理,109,9,公噸,44819
資源回收量,廢棄物管理,109,9,公噸,434715
一般垃圾量,廢棄物管理,109,9,公噸,317443
一般廢棄物產生量,廢棄物管理,109,9,公噸,796977
縣市空氣品質一般人工測站落塵量濃度,空氣品質保護,109,9,公噸/平方公里/月,2.97
縣市空氣品質一般人工測站鉛濃度,空氣品質保護,109,9,ug/m3,0.01
縣市空氣品質一般人工測站總懸浮微粒濃度,空氣品質保護,109,9,ug/m3,42.96
環保署空氣品質一般測站臭氧濃度,空氣品質保護,109,9,ppm,0.068
環保署空氣品質一般測站二氧化氮濃度,空氣品質保護,109,9,ppm,0.01
環保署空氣品質一般測站一氧化碳濃度,空氣品質保護,109,9,ppm,0.31
環保署空氣品質一般測站二氧化硫濃度,空氣品質保護,109,9,ppm,0.002
環保署空氣品質一般測站懸浮微粒濃度,空氣品質保護,109,9,ug/m3,28.97
環保署空氣品質一般測站細懸浮微粒(手動)濃度,空氣品質保護,109,9,ug/m3,12.73
AQI>100站日數中主要污染物為PM2.5比率,空氣品質保護,109,9,%,0
AQI>100站日數中主要污染物為臭氧比率,空氣品質保護,109,9,%,0
AQI>100站日數比率,空氣品質保護,109,9,%,23.11
環保專業人員合格證書有效張數,其他環保統計,109,10,張,235862
環保人員訓練人次,其他環保統計,109,10,人次,1076
環保署環境影響評估報告書完成審查件數,其他環保統計,109,10,件,0
環保署環境影響評估報告書應處理件數,其他環保統計,109,10,件,2
環保署環境影響說明書完成審查件數,其他環保統計,109,10,件,1
環保署環境影響說明書應處理件數,其他環保統計,109,10,件,13
污染源稽查實收罰款金額,其他環保統計,109,10,千元,98238
污染源稽查罰款次數,其他環保統計,109,10,次,21983
污染源稽查次數,其他環保統計,109,10,次,170179
其他對象之公害陳情案件數,公害陳情,109,10,件,4672
一般居民之公害陳情案件數,公害陳情,109,10,件,8918
交通工具之公害陳情案件數,公害陳情,109,10,件,152
營建工程之公害陳情案件數,公害陳情,109,10,件,2761
工業之公害陳情案件數,公害陳情,109,10,件,3650
商業之公害陳情案件數,公害陳情,109,10,件,4962
機關團體學校醫院之公害陳情案件數,公害陳情,109,10,件,247
其他污染公害陳情案件數,公害陳情,109,10,件,89
異味污染物公害陳情案件數,公害陳情,109,10,件,8265
廢棄物及環境衛生公害陳情案件數,公害陳情,109,10,件,6028
噪音公害陳情案件數,公害陳情,109,10,件,9309
水污染公害陳情案件數,公害陳情,109,10,件,552
空氣污染公害陳情案件數,公害陳情,109,10,件,1119
公害陳情案件總數,公害陳情,109,10,件,25362
自來水檢驗不合格率,環境衛生及毒化物管理,109,10,%,0.1
垃圾焚化廠焚化(處理)量,廢棄物管理,109,10,公噸,488734
垃圾焚化廠進廠量,廢棄物管理,109,10,公噸,530275
一般廢棄物回收率,廢棄物管理,109,10,%,59.96
衛生掩埋量,廢棄物管理,109,10,公噸,8055
焚化量,廢棄物管理,109,10,公噸,297167
回收再利用量,廢棄物管理,109,10,公噸,490865
一般廢棄物處理量,廢棄物管理,109,10,公噸,796087
平均每人每日廚餘回收量,廢棄物管理,109,10,公斤,0.062
平均每人每日一般廢棄物產生量,廢棄物管理,109,10,公斤,1.121
廚餘回收量,廢棄物管理,109,10,公噸,45066
資源回收量,廢棄物管理,109,10,公噸,445799
一般垃圾量,廢棄物管理,109,10,公噸,327809
一般廢棄物產生量,廢棄物管理,109,10,公噸,818674
縣市空氣品質一般人工測站落塵量濃度,空氣品質保護,109,10,公噸/平方公里/月,3.49
縣市空氣品質一般人工測站鉛濃度,空氣品質保護,109,10,ug/m3,0.02
縣市空氣品質一般人工測站總懸浮微粒濃度,空氣品質保護,109,10,ug/m3,58.2
環保署空氣品質一般測站臭氧濃度,空氣品質保護,109,10,ppm,0.063
環保署空氣品質一般測站二氧化氮濃度,空氣品質保護,109,10,ppm,0.009
環保署空氣品質一般測站一氧化碳濃度,空氣品質保護,109,10,ppm,0.29
環保署空氣品質一般測站二氧化硫濃度,空氣品質保護,109,10,ppm,0.002
環保署空氣品質一般測站懸浮微粒濃度,空氣品質保護,109,10,ug/m3,35.38
環保署空氣品質一般測站細懸浮微粒(手動)濃度,空氣品質保護,109,10,ug/m3,13.13
AQI>100站日數中主要污染物為PM2.5比率,空氣品質保護,109,10,%,0
AQI>100站日數中主要污染物為臭氧比率,空氣品質保護,109,10,%,0
AQI>100站日數比率,空氣品質保護,109,10,%,14.84
環保專業人員合格證書有效張數,其他環保統計,109,11,張,237278
環保人員訓練人次,其他環保統計,109,11,人次,1806
環保署環境影響評估報告書完成審查件數,其他環保統計,109,11,件,0
環保署環境影響評估報告書應處理件數,其他環保統計,109,11,件,2
環保署環境影響說明書完成審查件數,其他環保統計,109,11,件,0
環保署環境影響說明書應處理件數,其他環保統計,109,11,件,13
污染源稽查實收罰款金額,其他環保統計,109,11,千元,107460
污染源稽查罰款次數,其他環保統計,109,11,次,28127
污染源稽查次數,其他環保統計,109,11,次,182777
其他對象之公害陳情案件數,公害陳情,109,11,件,5240
一般居民之公害陳情案件數,公害陳情,109,11,件,8812
交通工具之公害陳情案件數,公害陳情,109,11,件,153
營建工程之公害陳情案件數,公害陳情,109,11,件,2723
工業之公害陳情案件數,公害陳情,109,11,件,3607
商業之公害陳情案件數,公害陳情,109,11,件,5169
機關團體學校醫院之公害陳情案件數,公害陳情,109,11,件,288
其他污染公害陳情案件數,公害陳情,109,11,件,79
異味污染物公害陳情案件數,公害陳情,109,11,件,8686
廢棄物及環境衛生公害陳情案件數,公害陳情,109,11,件,6134
噪音公害陳情案件數,公害陳情,109,11,件,9493
水污染公害陳情案件數,公害陳情,109,11,件,601
空氣污染公害陳情案件數,公害陳情,109,11,件,999
公害陳情案件總數,公害陳情,109,11,件,25992
自來水檢驗不合格率,環境衛生及毒化物管理,109,11,%,0
垃圾焚化廠焚化(處理)量,廢棄物管理,109,11,公噸,496424
垃圾焚化廠進廠量,廢棄物管理,109,11,公噸,498624
一般廢棄物回收率,廢棄物管理,109,11,%,59.2
衛生掩埋量,廢棄物管理,109,11,公噸,6328
焚化量,廢棄物管理,109,11,公噸,291526
回收再利用量,廢棄物管理,109,11,公噸,461054
一般廢棄物處理量,廢棄物管理,109,11,公噸,758909
平均每人每日廚餘回收量,廢棄物管理,109,11,公斤,0.058
平均每人每日一般廢棄物產生量,廢棄物管理,109,11,公斤,1.102
廚餘回收量,廢棄物管理,109,11,公噸,41127
資源回收量,廢棄物管理,109,11,公噸,419927
一般垃圾量,廢棄物管理,109,11,公噸,317725
一般廢棄物產生量,廢棄物管理,109,11,公噸,778779
縣市空氣品質一般人工測站落塵量濃度,空氣品質保護,109,11,公噸/平方公里/月,4.41
縣市空氣品質一般人工測站鉛濃度,空氣品質保護,109,11,ug/m3,0.02
縣市空氣品質一般人工測站總懸浮微粒濃度,空氣品質保護,109,11,ug/m3,59.02
環保署空氣品質一般測站臭氧濃度,空氣品質保護,109,11,ppm,0.056
環保署空氣品質一般測站二氧化氮濃度,空氣品質保護,109,11,ppm,0.011
環保署空氣品質一般測站一氧化碳濃度,空氣品質保護,109,11,ppm,0.33
環保署空氣品質一般測站二氧化硫濃度,空氣品質保護,109,11,ppm,0.002
環保署空氣品質一般測站懸浮微粒濃度,空氣品質保護,109,11,ug/m3,35.42
環保署空氣品質一般測站細懸浮微粒(手動)濃度,空氣品質保護,109,11,ug/m3,13.89
AQI>100站日數中主要污染物為PM2.5比率,空氣品質保護,109,11,%,26.56
AQI>100站日數中主要污染物為臭氧比率,空氣品質保護,109,11,%,0
AQI>100站日數比率,空氣品質保護,109,11,%,7.11
環保專業人員合格證書有效張數,其他環保統計,109,12,張,237709
環保人員訓練人次,其他環保統計,109,12,人次,397
環保署環境影響評估報告書完成審查件數,其他環保統計,109,12,件,1
環保署環境影響評估報告書應處理件數,其他環保統計,109,12,件,3
環保署環境影響說明書完成審查件數,其他環保統計,109,12,件,1
環保署環境影響說明書應處理件數,其他環保統計,109,12,件,13
污染源稽查實收罰款金額,其他環保統計,109,12,千元,133100
污染源稽查罰款次數,其他環保統計,109,12,次,27776
污染源稽查次數,其他環保統計,109,12,次,184865
其他對象之公害陳情案件數,公害陳情,109,12,件,5230
一般居民之公害陳情案件數,公害陳情,109,12,件,8277
交通工具之公害陳情案件數,公害陳情,109,12,件,169
營建工程之公害陳情案件數,公害陳情,109,12,件,2783
工業之公害陳情案件數,公害陳情,109,12,件,3570
商業之公害陳情案件數,公害陳情,109,12,件,5307
機關團體學校醫院之公害陳情案件數,公害陳情,109,12,件,331
其他污染公害陳情案件數,公害陳情,109,12,件,119
異味污染物公害陳情案件數,公害陳情,109,12,件,7725
廢棄物及環境衛生公害陳情案件數,公害陳情,109,12,件,6009
噪音公害陳情案件數,公害陳情,109,12,件,10359
水污染公害陳情案件數,公害陳情,109,12,件,463
空氣污染公害陳情案件數,公害陳情,109,12,件,992
公害陳情案件總數,公害陳情,109,12,件,25667
自來水檢驗不合格率,環境衛生及毒化物管理,109,12,%,0.12
垃圾焚化廠焚化(處理)量,廢棄物管理,109,12,公噸,563312
垃圾焚化廠進廠量,廢棄物管理,109,12,公噸,550412
一般廢棄物回收率,廢棄物管理,109,12,%,64.35
衛生掩埋量,廢棄物管理,109,12,公噸,14776
焚化量,廢棄物管理,109,12,公噸,328448
回收再利用量,廢棄物管理,109,12,公噸,608870
一般廢棄物處理量,廢棄物管理,109,12,公噸,952094
平均每人每日廚餘回收量,廢棄物管理,109,12,公斤,0.058
平均每人每日一般廢棄物產生量,廢棄物管理,109,12,公斤,1.295
廚餘回收量,廢棄物管理,109,12,公噸,42175
資源回收量,廢棄物管理,109,12,公噸,566694
一般垃圾量,廢棄物管理,109,12,公噸,337282
一般廢棄物產生量,廢棄物管理,109,12,公噸,946151
縣市空氣品質一般人工測站落塵量濃度,空氣品質保護,109,12,公噸/平方公里/月,3.28
縣市空氣品質一般人工測站鉛濃度,空氣品質保護,109,12,ug/m3,0.02
縣市空氣品質一般人工測站總懸浮微粒濃度,空氣品質保護,109,12,ug/m3,48.36
環保署空氣品質一般測站臭氧濃度,空氣品質保護,109,12,ppm,0.046
環保署空氣品質一般測站二氧化氮濃度,空氣品質保護,109,12,ppm,0.012
環保署空氣品質一般測站一氧化碳濃度,空氣品質保護,109,12,ppm,0.36
環保署空氣品質一般測站二氧化硫濃度,空氣品質保護,109,12,ppm,0.002
環保署空氣品質一般測站懸浮微粒濃度,空氣品質保護,109,12,ug/m3,29.43
環保署空氣品質一般測站細懸浮微粒(手動)濃度,空氣品質保護,109,12,ug/m3,13.45
AQI>100站日數中主要污染物為PM2.5比率,空氣品質保護,109,12,%,88.43
AQI>100站日數中主要污染物為臭氧比率,空氣品質保護,109,12,%,0
AQI>100站日數比率,空氣品質保護,109,12,%,6.51
環保專業人員合格證書有效張數,其他環保統計,110,1,張,239035
環保人員訓練人次,其他環保統計,110,1,人次,911
環保署環境影響評估報告書完成審查件數,其他環保統計,110,1,件,0
環保署環境影響評估報告書應處理件數,其他環保統計,110,1,件,2
環保署環境影響說明書完成審查件數,其他環保統計,110,1,件,2
環保署環境影響說明書應處理件數,其他環保統計,110,1,件,13
污染源稽查實收罰款金額,其他環保統計,110,1,千元,87496
污染源稽查罰款次數,其他環保統計,110,1,次,19423
污染源稽查次數,其他環保統計,110,1,次,85344
其他對象之公害陳情案件數,公害陳情,110,1,件,4407
一般居民之公害陳情案件數,公害陳情,110,1,件,8870
交通工具之公害陳情案件數,公害陳情,110,1,件,160
營建工程之公害陳情案件數,公害陳情,110,1,件,2794
工業之公害陳情案件數,公害陳情,110,1,件,3482
商業之公害陳情案件數,公害陳情,110,1,件,5023
機關團體學校醫院之公害陳情案件數,公害陳情,110,1,件,160
其他污染公害陳情案件數,公害陳情,110,1,件,141
異味污染物公害陳情案件數,公害陳情,110,1,件,7276
廢棄物及環境衛生公害陳情案件數,公害陳情,110,1,件,6311
噪音公害陳情案件數,公害陳情,110,1,件,9699
水污染公害陳情案件數,公害陳情,110,1,件,497
空氣污染公害陳情案件數,公害陳情,110,1,件,972
公害陳情案件總數,公害陳情,110,1,件,24896
自來水檢驗不合格率,環境衛生及毒化物管理,110,1,%,0.54
垃圾焚化廠焚化(處理)量,廢棄物管理,110,1,公噸,571568
垃圾焚化廠進廠量,廢棄物管理,110,1,公噸,548125
一般廢棄物回收率,廢棄物管理,110,1,%,58.81
衛生掩埋量,廢棄物管理,110,1,公噸,7457
焚化量,廢棄物管理,110,1,公噸,315904
回收再利用量,廢棄物管理,110,1,公噸,493672
一般廢棄物處理量,廢棄物管理,110,1,公噸,817033
平均每人每日廚餘回收量,廢棄物管理,110,1,公斤,0.056
平均每人每日一般廢棄物產生量,廢棄物管理,110,1,公斤,1.15
廚餘回收量,廢棄物管理,110,1,公噸,41063
資源回收量,廢棄物管理,110,1,公噸,452609
一般垃圾量,廢棄物管理,110,1,公噸,345808
一般廢棄物產生量,廢棄物管理,110,1,公噸,839480
縣市空氣品質一般人工測站落塵量濃度,空氣品質保護,110,1,公噸/平方公里/月,3.5
縣市空氣品質一般人工測站鉛濃度,空氣品質保護,110,1,ug/m3,0.02
縣市空氣品質一般人工測站總懸浮微粒濃度,空氣品質保護,110,1,ug/m3,51.51
環保署空氣品質一般測站臭氧濃度,空氣品質保護,110,1,ppm,0.051
環保署空氣品質一般測站二氧化氮濃度,空氣品質保護,110,1,ppm,0.014
環保署空氣品質一般測站一氧化碳濃度,空氣品質保護,110,1,ppm,0.39
環保署空氣品質一般測站二氧化硫濃度,空氣品質保護,110,1,ppm,0.002
環保署空氣品質一般測站懸浮微粒濃度,空氣品質保護,110,1,ug/m3,41.3
環保署空氣品質一般測站細懸浮微粒(手動)濃度,空氣品質保護,110,1,ug/m3,20.03
AQI>100站日數中主要污染物為PM2.5比率,空氣品質保護,110,1,%,92.69
AQI>100站日數中主要污染物為臭氧比率,空氣品質保護,110,1,%,0
AQI>100站日數比率,空氣品質保護,110,1,%,16.18
環保專業人員合格證書有效張數,其他環保統計,110,2,張,239623
環保人員訓練人次,其他環保統計,110,2,人次,610
環保署環境影響評估報告書完成審查件數,其他環保統計,110,2,件,0
環保署環境影響評估報告書應處理件數,其他環保統計,110,2,件,4
環保署環境影響說明書完成審查件數,其他環保統計,110,2,件,0
環保署環境影響說明書應處理件數,其他環保統計,110,2,件,15
污染源稽查實收罰款金額,其他環保統計,110,2,千元,77560
污染源稽查罰款次數,其他環保統計,110,2,次,11401
污染源稽查次數,其他環保統計,110,2,次,87855
其他對象之公害陳情案件數,公害陳情,110,2,件,4472
一般居民之公害陳情案件數,公害陳情,110,2,件,8327
交通工具之公害陳情案件數,公害陳情,110,2,件,141
營建工程之公害陳情案件數,公害陳情,110,2,件,1778
工業之公害陳情案件數,公害陳情,110,2,件,2786
商業之公害陳情案件數,公害陳情,110,2,件,4284
機關團體學校醫院之公害陳情案件數,公害陳情,110,2,件,140
其他污染公害陳情案件數,公害陳情,110,2,件,80
異味污染物公害陳情案件數,公害陳情,110,2,件,6907
廢棄物及環境衛生公害陳情案件數,公害陳情,110,2,件,6048
噪音公害陳情案件數,公害陳情,110,2,件,7611
水污染公害陳情案件數,公害陳情,110,2,件,527
空氣污染公害陳情案件數,公害陳情,110,2,件,755
公害陳情案件總數,公害陳情,110,2,件,21928
自來水檢驗不合格率,環境衛生及毒化物管理,110,2,%,0
垃圾焚化廠焚化(處理)量,廢棄物管理,110,2,公噸,517232
垃圾焚化廠進廠量,廢棄物管理,110,2,公噸,527317
一般廢棄物回收率,廢棄物管理,110,2,%,58.04
衛生掩埋量,廢棄物管理,110,2,公噸,7611
焚化量,廢棄物管理,110,2,公噸,291208
回收再利用量,廢棄物管理,110,2,公噸,458560
一般廢棄物處理量,廢棄物管理,110,2,公噸,757378
平均每人每日廚餘回收量,廢棄物管理,110,2,公斤,0.062
平均每人每日一般廢棄物產生量,廢棄物管理,110,2,公斤,1.198
廚餘回收量,廢棄物管理,110,2,公噸,40767
資源回收量,廢棄物管理,110,2,公噸,417793
一般垃圾量,廢棄物管理,110,2,公噸,330413
一般廢棄物產生量,廢棄物管理,110,2,公噸,790062
縣市空氣品質一般人工測站落塵量濃度,空氣品質保護,110,2,公噸/平方公里/月,3.21
縣市空氣品質一般人工測站鉛濃度,空氣品質保護,110,2,ug/m3,0.02
縣市空氣品質一般人工測站總懸浮微粒濃度,空氣品質保護,110,2,ug/m3,70.86
環保署空氣品質一般測站臭氧濃度,空氣品質保護,110,2,ppm,0.06
環保署空氣品質一般測站二氧化氮濃度,空氣品質保護,110,2,ppm,0.013
環保署空氣品質一般測站一氧化碳濃度,空氣品質保護,110,2,ppm,0.37
環保署空氣品質一般測站二氧化硫濃度,空氣品質保護,110,2,ppm,0.002
環保署空氣品質一般測站懸浮微粒濃度,空氣品質保護,110,2,ug/m3,45.4
環保署空氣品質一般測站細懸浮微粒(手動)濃度,空氣品質保護,110,2,ug/m3,22.82
AQI>100站日數中主要污染物為PM2.5比率,空氣品質保護,110,2,%,83.41
AQI>100站日數中主要污染物為臭氧比率,空氣品質保護,110,2,%,0
AQI>100站日數比率,空氣品質保護,110,2,%,26.9
環保專業人員合格證書有效張數,其他環保統計,110,3,張,240012
環保人員訓練人次,其他環保統計,110,3,人次,2160
環保署環境影響評估報告書完成審查件數,其他環保統計,110,3,件,0
環保署環境影響評估報告書應處理件數,其他環保統計,110,3,件,5
環保署環境影響說明書完成審查件數,其他環保統計,110,3,件,0
環保署環境影響說明書應處理件數,其他環保統計,110,3,件,16
污染源稽查實收罰款金額,其他環保統計,110,3,千元,94146
污染源稽查罰款次數,其他環保統計,110,3,次,26579
污染源稽查次數,其他環保統計,110,3,次,112308
其他對象之公害陳情案件數,公害陳情,110,3,件,5047
一般居民之公害陳情案件數,公害陳情,110,3,件,9454
交通工具之公害陳情案件數,公害陳情,110,3,件,183
營建工程之公害陳情案件數,公害陳情,110,3,件,2848
工業之公害陳情案件數,公害陳情,110,3,件,4017
商業之公害陳情案件數,公害陳情,110,3,件,4906
機關團體學校醫院之公害陳情案件數,公害陳情,110,3,件,251
其他污染公害陳情案件數,公害陳情,110,3,件,129
異味污染物公害陳情案件數,公害陳情,110,3,件,7718
廢棄物及環境衛生公害陳情案件數,公害陳情,110,3,件,7279
噪音公害陳情案件數,公害陳情,110,3,件,9865
水污染公害陳情案件數,公害陳情,110,3,件,646
空氣污染公害陳情案件數,公害陳情,110,3,件,1069
公害陳情案件總數,公害陳情,110,3,件,26706
自來水檢驗不合格率,環境衛生及毒化物管理,110,3,%,0
垃圾焚化廠焚化(處理)量,廢棄物管理,110,3,公噸,508814
垃圾焚化廠進廠量,廢棄物管理,110,3,公噸,526292
一般廢棄物回收率,廢棄物管理,110,3,%,62.68
衛生掩埋量,廢棄物管理,110,3,公噸,7962
焚化量,廢棄物管理,110,3,公噸,292740
回收再利用量,廢棄物管理,110,3,公噸,536049
一般廢棄物處理量,廢棄物管理,110,3,公噸,836751
平均每人每日廚餘回收量,廢棄物管理,110,3,公斤,0.06
平均每人每日一般廢棄物產生量,廢棄物管理,110,3,公斤,1.172
廚餘回收量,廢棄物管理,110,3,公噸,43974
資源回收量,廢棄物管理,110,3,公噸,492074
一般垃圾量,廢棄物管理,110,3,公噸,318031
一般廢棄物產生量,廢棄物管理,110,3,公噸,855210
縣市空氣品質一般人工測站落塵量濃度,空氣品質保護,110,3,公噸/平方公里/月,3.49
縣市空氣品質一般人工測站鉛濃度,空氣品質保護,110,3,ug/m3,0.02
縣市空氣品質一般人工測站總懸浮微粒濃度,空氣品質保護,110,3,ug/m3,63.42
環保署空氣品質一般測站臭氧濃度,空氣品質保護,110,3,ppm,0.056
環保署空氣品質一般測站二氧化氮濃度,空氣品質保護,110,3,ppm,0.014
環保署空氣品質一般測站一氧化碳濃度,空氣品質保護,110,3,ppm,0.4
環保署空氣品質一般測站二氧化硫濃度,空氣品質保護,110,3,ppm,0.002
環保署空氣品質一般測站懸浮微粒濃度,空氣品質保護,110,3,ug/m3,45.2
環保署空氣品質一般測站細懸浮微粒(手動)濃度,空氣品質保護,110,3,ug/m3,23.32
AQI>100站日數中主要污染物為PM2.5比率,空氣品質保護,110,3,%,87.59
AQI>100站日數中主要污染物為臭氧比率,空氣品質保護,110,3,%,0
AQI>100站日數比率,空氣品質保護,110,3,%,21.31
環保專業人員合格證書有效張數,其他環保統計,110,4,張,240985
環保人員訓練人次,其他環保統計,110,4,人次,1983
環保署環境影響評估報告書完成審查件數,其他環保統計,110,4,件,0
環保署環境影響評估報告書應處理件數,其他環保統計,110,4,件,6
環保署環境影響說明書完成審查件數,其他環保統計,110,4,件,2
環保署環境影響說明書應處理件數,其他環保統計,110,4,件,16
污染源稽查實收罰款金額,其他環保統計,110,4,千元,82401
污染源稽查罰款次數,其他環保統計,110,4,次,25415
污染源稽查次數,其他環保統計,110,4,次,89920
其他對象之公害陳情案件數,公害陳情,110,4,件,5521
一般居民之公害陳情案件數,公害陳情,110,4,件,8927
交通工具之公害陳情案件數,公害陳情,110,4,件,175
營建工程之公害陳情案件數,公害陳情,110,4,件,3151
工業之公害陳情案件數,公害陳情,110,4,件,4084
商業之公害陳情案件數,公害陳情,110,4,件,4470
機關團體學校醫院之公害陳情案件數,公害陳情,110,4,件,202
其他污染公害陳情案件數,公害陳情,110,4,件,126
異味污染物公害陳情案件數,公害陳情,110,4,件,7469
廢棄物及環境衛生公害陳情案件數,公害陳情,110,4,件,7457
噪音公害陳情案件數,公害陳情,110,4,件,9722
水污染公害陳情案件數,公害陳情,110,4,件,683
空氣污染公害陳情案件數,公害陳情,110,4,件,1073
公害陳情案件總數,公害陳情,110,4,件,26530
自來水檢驗不合格率,環境衛生及毒化物管理,110,4,%,0.35
垃圾焚化廠焚化(處理)量,廢棄物管理,110,4,公噸,477060
垃圾焚化廠進廠量,廢棄物管理,110,4,公噸,496464
一般廢棄物回收率,廢棄物管理,110,4,%,61.21
衛生掩埋量,廢棄物管理,110,4,公噸,10196
焚化量,廢棄物管理,110,4,公噸,272440
回收再利用量,廢棄物管理,110,4,公噸,498351
一般廢棄物處理量,廢棄物管理,110,4,公噸,780987
平均每人每日廚餘回收量,廢棄物管理,110,4,公斤,0.062
平均每人每日一般廢棄物產生量,廢棄物管理,110,4,公斤,1.154
廚餘回收量,廢棄物管理,110,4,公噸,43808
資源回收量,廢棄物管理,110,4,公噸,454543
一般垃圾量,廢棄物管理,110,4,公噸,314650
一般廢棄物產生量,廢棄物管理,110,4,公噸,814128
縣市空氣品質一般人工測站落塵量濃度,空氣品質保護,110,4,公噸/平方公里/月,3.67
縣市空氣品質一般人工測站鉛濃度,空氣品質保護,110,4,ug/m3,0.02
縣市空氣品質一般人工測站總懸浮微粒濃度,空氣品質保護,110,4,ug/m3,57.55
環保署空氣品質一般測站臭氧濃度,空氣品質保護,110,4,ppm,0.063
環保署空氣品質一般測站二氧化氮濃度,空氣品質保護,110,4,ppm,0.011
環保署空氣品質一般測站一氧化碳濃度,空氣品質保護,110,4,ppm,0.32
環保署空氣品質一般測站二氧化硫濃度,空氣品質保護,110,4,ppm,0.002
環保署空氣品質一般測站懸浮微粒濃度,空氣品質保護,110,4,ug/m3,38.4
環保署空氣品質一般測站細懸浮微粒(手動)濃度,空氣品質保護,110,4,ug/m3,16.96
AQI>100站日數中主要污染物為PM2.5比率,空氣品質保護,110,4,%,7.17
AQI>100站日數中主要污染物為臭氧比率,空氣品質保護,110,4,%,0
AQI>100站日數比率,空氣品質保護,110,4,%,15.5
環保專業人員合格證書有效張數,其他環保統計,110,5,張,241221
環保人員訓練人次,其他環保統計,110,5,人次,1160
環保署環境影響評估報告書完成審查件數,其他環保統計,110,5,件,0
環保署環境影響評估報告書應處理件數,其他環保統計,110,5,件,6
環保署環境影響說明書完成審查件數,其他環保統計,110,5,件,1
環保署環境影響說明書應處理件數,其他環保統計,110,5,件,15
污染源稽查實收罰款金額,其他環保統計,110,5,千元,101083
污染源稽查罰款次數,其他環保統計,110,5,次,21951
污染源稽查次數,其他環保統計,110,5,次,85765
其他對象之公害陳情案件數,公害陳情,110,5,件,5109
一般居民之公害陳情案件數,公害陳情,110,5,件,9979
交通工具之公害陳情案件數,公害陳情,110,5,件,166
營建工程之公害陳情案件數,公害陳情,110,5,件,3211
工業之公害陳情案件數,公害陳情,110,5,件,3370
商業之公害陳情案件數,公害陳情,110,5,件,3390
機關團體學校醫院之公害陳情案件數,公害陳情,110,5,件,168
其他污染公害陳情案件數,公害陳情,110,5,件,153
異味污染物公害陳情案件數,公害陳情,110,5,件,7378
廢棄物及環境衛生公害陳情案件數,公害陳情,110,5,件,8099
噪音公害陳情案件數,公害陳情,110,5,件,7850
水污染公害陳情案件數,公害陳情,110,5,件,722
空氣污染公害陳情案件數,公害陳情,110,5,件,1191
公害陳情案件總數,公害陳情,110,5,件,25393
自來水檢驗不合格率,環境衛生及毒化物管理,110,5,%,0
垃圾焚化廠焚化(處理)量,廢棄物管理,110,5,公噸,514246
垃圾焚化廠進廠量,廢棄物管理,110,5,公噸,522639
一般廢棄物回收率,廢棄物管理,110,5,%,60.9
衛生掩埋量,廢棄物管理,110,5,公噸,8111
焚化量,廢棄物管理,110,5,公噸,291794
回收再利用量,廢棄物管理,110,5,公噸,515924
一般廢棄物處理量,廢棄物管理,110,5,公噸,815829
平均每人每日廚餘回收量,廢棄物管理,110,5,公斤,0.06
平均每人每日一般廢棄物產生量,廢棄物管理,110,5,公斤,1.163
廚餘回收量,廢棄物管理,110,5,公噸,43733
資源回收量,廢棄物管理,110,5,公噸,472192
一般垃圾量,廢棄物管理,110,5,公噸,330183
一般廢棄物產生量,廢棄物管理,110,5,公噸,847231
縣市空氣品質一般人工測站落塵量濃度,空氣品質保護,110,5,公噸/平方公里/月,3.12
縣市空氣品質一般人工測站鉛濃度,空氣品質保護,110,5,ug/m3,0.01
縣市空氣品質一般人工測站總懸浮微粒濃度,空氣品質保護,110,5,ug/m3,43.68
環保署空氣品質一般測站臭氧濃度,空氣品質保護,110,5,ppm,0.051
環保署空氣品質一般測站二氧化氮濃度,空氣品質保護,110,5,ppm,0.009
環保署空氣品質一般測站一氧化碳濃度,空氣品質保護,110,5,ppm,0.24
環保署空氣品質一般測站二氧化硫濃度,空氣品質保護,110,5,ppm,0.002
環保署空氣品質一般測站懸浮微粒濃度,空氣品質保護,110,5,ug/m3,26.5
環保署空氣品質一般測站細懸浮微粒(手動)濃度,空氣品質保護,110,5,ug/m3,11.93
AQI>100站日數中主要污染物為PM2.5比率,空氣品質保護,110,5,%,5.56
AQI>100站日數中主要污染物為臭氧比率,空氣品質保護,110,5,%,0
AQI>100站日數比率,空氣品質保護,110,5,%,4.84
環保專業人員合格證書有效張數,其他環保統計,110,6,張,241281
環保人員訓練人次,其他環保統計,110,6,人次,63
環保署環境影響評估報告書完成審查件數,其他環保統計,110,6,件,0
環保署環境影響評估報告書應處理件數,其他環保統計,110,6,件,6
環保署環境影響說明書完成審查件數,其他環保統計,110,6,件,0
環保署環境影響說明書應處理件數,其他環保統計,110,6,件,16
污染源稽查實收罰款金額,其他環保統計,110,6,千元,86149
污染源稽查罰款次數,其他環保統計,110,6,次,18116
污染源稽查次數,其他環保統計,110,6,次,68450
其他對象之公害陳情案件數,公害陳情,110,6,件,3642
一般居民之公害陳情案件數,公害陳情,110,6,件,6806
交通工具之公害陳情案件數,公害陳情,110,6,件,145
營建工程之公害陳情案件數,公害陳情,110,6,件,2640
工業之公害陳情案件數,公害陳情,110,6,件,2969
商業之公害陳情案件數,公害陳情,110,6,件,2139
機關團體學校醫院之公害陳情案件數,公害陳情,110,6,件,109
其他污染公害陳情案件數,公害陳情,110,6,件,142
異味污染物公害陳情案件數,公害陳情,110,6,件,5227
廢棄物及環境衛生公害陳情案件數,公害陳情,110,6,件,5981
噪音公害陳情案件數,公害陳情,110,6,件,5974
水污染公害陳情案件數,公害陳情,110,6,件,505
空氣污染公害陳情案件數,公害陳情,110,6,件,621
公害陳情案件總數,公害陳情,110,6,件,18450
自來水檢驗不合格率,環境衛生及毒化物管理,110,6,%,0
垃圾焚化廠焚化(處理)量,廢棄物管理,110,6,公噸,572197
垃圾焚化廠進廠量,廢棄物管理,110,6,公噸,548045
一般廢棄物回收率,廢棄物管理,110,6,%,60.47
衛生掩埋量,廢棄物管理,110,6,公噸,7801
焚化量,廢棄物管理,110,6,公噸,303178
回收再利用量,廢棄物管理,110,6,公噸,506376
一般廢棄物處理量,廢棄物管理,110,6,公噸,817355
平均每人每日廚餘回收量,廢棄物管理,110,6,公斤,0.057
平均每人每日一般廢棄物產生量,廢棄物管理,110,6,公斤,1.188
廚餘回收量,廢棄物管理,110,6,公噸,39991
資源回收量,廢棄物管理,110,6,公噸,466385
一般垃圾量,廢棄物管理,110,6,公噸,329940
一般廢棄物產生量,廢棄物管理,110,6,公噸,837390
縣市空氣品質一般人工測站落塵量濃度,空氣品質保護,110,6,公噸/平方公里/月,2.69
縣市空氣品質一般人工測站鉛濃度,空氣品質保護,110,6,ug/m3,0.01
縣市空氣品質一般人工測站總懸浮微粒濃度,空氣品質保護,110,6,ug/m3,28.85
環保署空氣品質一般測站臭氧濃度,空氣品質保護,110,6,ppm,0.045
環保署空氣品質一般測站二氧化氮濃度,空氣品質保護,110,6,ppm,0.007
環保署空氣品質一般測站一氧化碳濃度,空氣品質保護,110,6,ppm,0.19
環保署空氣品質一般測站二氧化硫濃度,空氣品質保護,110,6,ppm,0.002
環保署空氣品質一般測站懸浮微粒濃度,空氣品質保護,110,6,ug/m3,17.6
環保署空氣品質一般測站細懸浮微粒(手動)濃度,空氣品質保護,110,6,ug/m3,7.74
AQI>100站日數中主要污染物為PM2.5比率,空氣品質保護,110,6,%,0
AQI>100站日數中主要污染物為臭氧比率,空氣品質保護,110,6,%,0
AQI>100站日數比率,空氣品質保護,110,6,%,0.28
環保專業人員合格證書有效張數,其他環保統計,110,7,張,241288
環保人員訓練人次,其他環保統計,110,7,人次,889
環保署環境影響評估報告書完成審查件數,其他環保統計,110,7,件,0
環保署環境影響評估報告書應處理件數,其他環保統計,110,7,件,7
環保署環境影響說明書完成審查件數,其他環保統計,110,7,件,3
環保署環境影響說明書應處理件數,其他環保統計,110,7,件,16
污染源稽查實收罰款金額,其他環保統計,110,7,千元,99988
污染源稽查罰款次數,其他環保統計,110,7,次,20391
污染源稽查次數,其他環保統計,110,7,次,78862
其他對象之公害陳情案件數,公害陳情,110,7,件,4150
一般居民之公害陳情案件數,公害陳情,110,7,件,8174
交通工具之公害陳情案件數,公害陳情,110,7,件,143
營建工程之公害陳情案件數,公害陳情,110,7,件,2791
工業之公害陳情案件數,公害陳情,110,7,件,2978
商業之公害陳情案件數,公害陳情,110,7,件,2572
機關團體學校醫院之公害陳情案件數,公害陳情,110,7,件,105
其他污染公害陳情案件數,公害陳情,110,7,件,140
異味污染物公害陳情案件數,公害陳情,110,7,件,6400
廢棄物及環境衛生公害陳情案件數,公害陳情,110,7,件,7025
噪音公害陳情案件數,公害陳情,110,7,件,6102
水污染公害陳情案件數,公害陳情,110,7,件,518
空氣污染公害陳情案件數,公害陳情,110,7,件,728
公害陳情案件總數,公害陳情,110,7,件,20913
自來水檢驗不合格率,環境衛生及毒化物管理,110,7,%,0
垃圾焚化廠焚化(處理)量,廢棄物管理,110,7,公噸,561510
垃圾焚化廠進廠量,廢棄物管理,110,7,公噸,576569
一般廢棄物回收率,廢棄物管理,110,7,%,59.68
衛生掩埋量,廢棄物管理,110,7,公噸,9953
焚化量,廢棄物管理,110,7,公噸,318741
回收再利用量,廢棄物管理,110,7,公噸,513012
一般廢棄物處理量,廢棄物管理,110,7,公噸,841706
平均每人每日廚餘回收量,廢棄物管理,110,7,公斤,0.057
平均每人每日一般廢棄物產生量,廢棄物管理,110,7,公斤,1.181
廚餘回收量,廢棄物管理,110,7,公噸,41412
資源回收量,廢棄物管理,110,7,公噸,471600
一般垃圾量,廢棄物管理,110,7,公噸,345450
一般廢棄物產生量,廢棄物管理,110,7,公噸,859562
縣市空氣品質一般人工測站落塵量濃度,空氣品質保護,110,7,公噸/平方公里/月,3.13
縣市空氣品質一般人工測站鉛濃度,空氣品質保護,110,7,ug/m3,0.01
縣市空氣品質一般人工測站總懸浮微粒濃度,空氣品質保護,110,7,ug/m3,29.24
環保署空氣品質一般測站臭氧濃度,空氣品質保護,110,7,ppm,0.046
環保署空氣品質一般測站二氧化氮濃度,空氣品質保護,110,7,ppm,0.007
環保署空氣品質一般測站一氧化碳濃度,空氣品質保護,110,7,ppm,0.16
環保署空氣品質一般測站二氧化硫濃度,空氣品質保護,110,7,ppm,0.001
環保署空氣品質一般測站懸浮微粒濃度,空氣品質保護,110,7,ug/m3,19.4
環保署空氣品質一般測站細懸浮微粒(手動)濃度,空氣品質保護,110,7,ug/m3,8.62
AQI>100站日數中主要污染物為PM2.5比率,空氣品質保護,110,7,%,0
AQI>100站日數中主要污染物為臭氧比率,空氣品質保護,110,7,%,0
AQI>100站日數比率,空氣品質保護,110,7,%,1.24
環保專業人員合格證書有效張數,其他環保統計,110,8,張,241301
環保人員訓練人次,其他環保統計,110,8,人次,1886
環保署環境影響評估報告書完成審查件數,其他環保統計,110,8,件,0
環保署環境影響評估報告書應處理件數,其他環保統計,110,8,件,8
環保署環境影響說明書完成審查件數,其他環保統計,110,8,件,1
環保署環境影響說明書應處理件數,其他環保統計,110,8,件,18
污染源稽查實收罰款金額,其他環保統計,110,8,千元,99838
污染源稽查罰款次數,其他環保統計,110,8,次,18860
污染源稽查次數,其他環保統計,110,8,次,86290
其他對象之公害陳情案件數,公害陳情,110,8,件,4441
一般居民之公害陳情案件數,公害陳情,110,8,件,7951
交通工具之公害陳情案件數,公害陳情,110,8,件,161
營建工程之公害陳情案件數,公害陳情,110,8,件,2293
工業之公害陳情案件數,公害陳情,110,8,件,3041
商業之公害陳情案件數,公害陳情,110,8,件,3218
機關團體學校醫院之公害陳情案件數,公害陳情,110,8,件,137
其他污染公害陳情案件數,公害陳情,110,8,件,159
異味污染物公害陳情案件數,公害陳情,110,8,件,6884
廢棄物及環境衛生公害陳情案件數,公害陳情,110,8,件,6906
噪音公害陳情案件數,公害陳情,110,8,件,6138
水污染公害陳情案件數,公害陳情,110,8,件,542
空氣污染公害陳情案件數,公害陳情,110,8,件,613
公害陳情案件總數,公害陳情,110,8,件,21242
自來水檢驗不合格率,環境衛生及毒化物管理,110,8,%,0
垃圾焚化廠焚化(處理)量,廢棄物管理,110,8,公噸,561568
垃圾焚化廠進廠量,廢棄物管理,110,8,公噸,569438
一般廢棄物回收率,廢棄物管理,110,8,%,61.91
衛生掩埋量,廢棄物管理,110,8,公噸,119984
焚化量,廢棄物管理,110,8,公噸,318132
回收再利用量,廢棄物管理,110,8,公噸,542277
一般廢棄物處理量,廢棄物管理,110,8,公噸,980392
平均每人每日廚餘回收量,廢棄物管理,110,8,公斤,0.053
平均每人每日一般廢棄物產生量,廢棄物管理,110,8,公斤,1.204
廚餘回收量,廢棄物管理,110,8,公噸,38362
資源回收量,廢棄物管理,110,8,公噸,503915
一般垃圾量,廢棄物管理,110,8,公噸,332531
一般廢棄物產生量,廢棄物管理,110,8,公噸,875953
縣市空氣品質一般人工測站落塵量濃度,空氣品質保護,110,8,公噸/平方公里/月,3.23
縣市空氣品質一般人工測站鉛濃度,空氣品質保護,110,8,ug/m3,0.01
縣市空氣品質一般人工測站總懸浮微粒濃度,空氣品質保護,110,8,ug/m3,27.02
環保署空氣品質一般測站臭氧濃度,空氣品質保護,110,8,ppm,0.046
環保署空氣品質一般測站二氧化氮濃度,空氣品質保護,110,8,ppm,0.008
環保署空氣品質一般測站一氧化碳濃度,空氣品質保護,110,8,ppm,0.21
環保署空氣品質一般測站二氧化硫濃度,空氣品質保護,110,8,ppm,0.001
環保署空氣品質一般測站懸浮微粒濃度,空氣品質保護,110,8,ug/m3,18.5
環保署空氣品質一般測站細懸浮微粒(手動)濃度,空氣品質保護,110,8,ug/m3,8.44
AQI>100站日數中主要污染物為PM2.5比率,空氣品質保護,110,8,%,0
AQI>100站日數中主要污染物為臭氧比率,空氣品質保護,110,8,%,0
AQI>100站日數比率,空氣品質保護,110,8,%,0.65
環保專業人員合格證書有效張數,其他環保統計,110,9,張,241306
環保人員訓練人次,其他環保統計,110,9,人次,3244
環保署環境影響評估報告書完成審查件數,其他環保統計,110,9,件,1
環保署環境影響評估報告書應處理件數,其他環保統計,110,9,件,8
環保署環境影響說明書完成審查件數,其他環保統計,110,9,件,0
環保署環境影響說明書應處理件數,其他環保統計,110,9,件,20
污染源稽查實收罰款金額,其他環保統計,110,9,千元,88321
污染源稽查罰款次數,其他環保統計,110,9,次,16275
污染源稽查次數,其他環保統計,110,9,次,83852
其他對象之公害陳情案件數,公害陳情,110,9,件,4636
一般居民之公害陳情案件數,公害陳情,110,9,件,8452
交通工具之公害陳情案件數,公害陳情,110,9,件,171
營建工程之公害陳情案件數,公害陳情,110,9,件,2459
工業之公害陳情案件數,公害陳情,110,9,件,2971
商業之公害陳情案件數,公害陳情,110,9,件,3029
機關團體學校醫院之公害陳情案件數,公害陳情,110,9,件,144
其他污染公害陳情案件數,公害陳情,110,9,件,186
異味污染物公害陳情案件數,公害陳情,110,9,件,7073
廢棄物及環境衛生公害陳情案件數,公害陳情,110,9,件,7225
噪音公害陳情案件數,公害陳情,110,9,件,6105
水污染公害陳情案件數,公害陳情,110,9,件,588
空氣污染公害陳情案件數,公害陳情,110,9,件,685
公害陳情案件總數,公害陳情,110,9,件,21862
自來水檢驗不合格率,環境衛生及毒化物管理,110,9,%,0
垃圾焚化廠焚化(處理)量,廢棄物管理,110,9,公噸,544470
垃圾焚化廠進廠量,廢棄物管理,110,9,公噸,542892
一般廢棄物回收率,廢棄物管理,110,9,%,61
衛生掩埋量,廢棄物管理,110,9,公噸,14238
焚化量,廢棄物管理,110,9,公噸,291249
回收再利用量,廢棄物管理,110,9,公噸,511803
一般廢棄物處理量,廢棄物管理,110,9,公噸,817290
平均每人每日廚餘回收量,廢棄物管理,110,9,公斤,0.047
平均每人每日一般廢棄物產生量,廢棄物管理,110,9,公斤,1.193
廚餘回收量,廢棄物管理,110,9,公噸,33202
資源回收量,廢棄物管理,110,9,公噸,478602
一般垃圾量,廢棄物管理,110,9,公噸,321191
一般廢棄物產生量,廢棄物管理,110,9,公噸,839027
縣市空氣品質一般人工測站落塵量濃度,空氣品質保護,110,9,公噸/平方公里/月,2.48
縣市空氣品質一般人工測站鉛濃度,空氣品質保護,110,9,ug/m3,0.01
縣市空氣品質一般人工測站總懸浮微粒濃度,空氣品質保護,110,9,ug/m3,33.26
環保署空氣品質一般測站臭氧濃度,空氣品質保護,110,9,ppm,0.056
環保署空氣品質一般測站二氧化氮濃度,空氣品質保護,110,9,ppm,0.008
環保署空氣品質一般測站一氧化碳濃度,空氣品質保護,110,9,ppm,0.21
環保署空氣品質一般測站二氧化硫濃度,空氣品質保護,110,9,ppm,0.002
環保署空氣品質一般測站懸浮微粒濃度,空氣品質保護,110,9,ug/m3,23.6
環保署空氣品質一般測站細懸浮微粒(手動)濃度,空氣品質保護,110,9,ug/m3,11.07
AQI>100站日數中主要污染物為PM2.5比率,空氣品質保護,110,9,%,1.16
AQI>100站日數中主要污染物為臭氧比率,空氣品質保護,110,9,%,0
AQI>100站日數比率,空氣品質保護,110,9,%,4.78
環保專業人員合格證書有效張數,其他環保統計,110,10,張,241457
環保人員訓練人次,其他環保統計,110,10,人次,2553
環保署環境影響評估報告書完成審查件數,其他環保統計,110,10,件,0
環保署環境影響評估報告書應處理件數,其他環保統計,110,10,件,8
環保署環境影響說明書完成審查件數,其他環保統計,110,10,件,2
環保署環境影響說明書應處理件數,其他環保統計,110,10,件,24
污染源稽查實收罰款金額,其他環保統計,110,10,千元,243066
污染源稽查罰款次數,其他環保統計,110,10,次,22142
污染源稽查次數,其他環保統計,110,10,次,83476
其他對象之公害陳情案件數,公害陳情,110,10,件,4718
一般居民之公害陳情案件數,公害陳情,110,10,件,8231
交通工具之公害陳情案件數,公害陳情,110,10,件,176
營建工程之公害陳情案件數,公害陳情,110,10,件,2967
工業之公害陳情案件數,公害陳情,110,10,件,3148
商業之公害陳情案件數,公害陳情,110,10,件,4058
機關團體學校醫院之公害陳情案件數,公害陳情,110,10,件,177
其他污染公害陳情案件數,公害陳情,110,10,件,172
異味污染物公害陳情案件數,公害陳情,110,10,件,7218
廢棄物及環境衛生公害陳情案件數,公害陳情,110,10,件,6747
噪音公害陳情案件數,公害陳情,110,10,件,8052
水污染公害陳情案件數,公害陳情,110,10,件,448
空氣污染公害陳情案件數,公害陳情,110,10,件,838
公害陳情案件總數,公害陳情,110,10,件,23475
自來水檢驗不合格率,環境衛生及毒化物管理,110,10,%,0
垃圾焚化廠焚化(處理)量,廢棄物管理,110,10,公噸,482188
垃圾焚化廠進廠量,廢棄物管理,110,10,公噸,507566
一般廢棄物回收率,廢棄物管理,110,10,%,61.49
衛生掩埋量,廢棄物管理,110,10,公噸,8722
焚化量,廢棄物管理,110,10,公噸,276973
回收再利用量,廢棄物管理,110,10,公噸,497750
一般廢棄物處理量,廢棄物管理,110,10,公噸,783444
平均每人每日廚餘回收量,廢棄物管理,110,10,公斤,0.053
平均每人每日一般廢棄物產生量,廢棄物管理,110,10,公斤,1.115
廚餘回收量,廢棄物管理,110,10,公噸,38284
資源回收量,廢棄物管理,110,10,公噸,459466
一般垃圾量,廢棄物管理,110,10,公噸,310586
一般廢棄物產生量,廢棄物管理,110,10,公噸,809472
縣市空氣品質一般人工測站落塵量濃度,空氣品質保護,110,10,公噸/平方公里/月,2.95
縣市空氣品質一般人工測站鉛濃度,空氣品質保護,110,10,ug/m3,0.01
縣市空氣品質一般人工測站總懸浮微粒濃度,空氣品質保護,110,10,ug/m3,40.75
環保署空氣品質一般測站臭氧濃度,空氣品質保護,110,10,ppm,0.056
環保署空氣品質一般測站二氧化氮濃度,空氣品質保護,110,10,ppm,0.009
環保署空氣品質一般測站一氧化碳濃度,空氣品質保護,110,10,ppm,0.25
環保署空氣品質一般測站二氧化硫濃度,空氣品質保護,110,10,ppm,0.002
環保署空氣品質一般測站懸浮微粒濃度,空氣品質保護,110,10,ug/m3,27.8
環保署空氣品質一般測站細懸浮微粒(手動)濃度,空氣品質保護,110,10,ug/m3,11.27
AQI>100站日數中主要污染物為PM2.5比率,空氣品質保護,110,10,%,1.57
AQI>100站日數中主要污染物為臭氧比率,空氣品質保護,110,10,%,0
AQI>100站日數比率,空氣品質保護,110,10,%,13.66
環保專業人員合格證書有效張數,其他環保統計,110,11,張,242876
環保人員訓練人次,其他環保統計,110,11,人次,1952
環保署環境影響評估報告書完成審查件數,其他環保統計,110,11,件,0
環保署環境影響評估報告書應處理件數,其他環保統計,110,11,件,8
環保署環境影響說明書完成審查件數,其他環保統計,110,11,件,0
環保署環境影響說明書應處理件數,其他環保統計,110,11,件,22
污染源稽查實收罰款金額,其他環保統計,110,11,千元,108720
污染源稽查罰款次數,其他環保統計,110,11,次,17788
污染源稽查次數,其他環保統計,110,11,次,76973
其他對象之公害陳情案件數,公害陳情,110,11,件,4632
一般居民之公害陳情案件數,公害陳情,110,11,件,7934
交通工具之公害陳情案件數,公害陳情,110,11,件,182
營建工程之公害陳情案件數,公害陳情,110,11,件,3046
工業之公害陳情案件數,公害陳情,110,11,件,3477
商業之公害陳情案件數,公害陳情,110,11,件,4689
機關團體學校醫院之公害陳情案件數,公害陳情,110,11,件,263
其他污染公害陳情案件數,公害陳情,110,11,件,74
異味污染物公害陳情案件數,公害陳情,110,11,件,6965
廢棄物及環境衛生公害陳情案件數,公害陳情,110,11,件,6208
噪音公害陳情案件數,公害陳情,110,11,件,9648
水污染公害陳情案件數,公害陳情,110,11,件,452
空氣污染公害陳情案件數,公害陳情,110,11,件,876
公害陳情案件總數,公害陳情,110,11,件,24223
自來水檢驗不合格率,環境衛生及毒化物管理,110,11,%,0
垃圾焚化廠焚化(處理)量,廢棄物管理,110,11,公噸,493057
垃圾焚化廠進廠量,廢棄物管理,110,11,公噸,483928
一般廢棄物回收率,廢棄物管理,110,11,%,63.31
衛生掩埋量,廢棄物管理,110,11,公噸,37615
焚化量,廢棄物管理,110,11,公噸,265165
回收再利用量,廢棄物管理,110,11,公噸,529410
一般廢棄物處理量,廢棄物管理,110,11,公噸,832189
平均每人每日廚餘回收量,廢棄物管理,110,11,公斤,0.055
平均每人每日一般廢棄物產生量,廢棄物管理,110,11,公斤,1.191
廚餘回收量,廢棄物管理,110,11,公噸,38592
資源回收量,廢棄物管理,110,11,公噸,490818
一般垃圾量,廢棄物管理,110,11,公噸,305653
一般廢棄物產生量,廢棄物管理,110,11,公噸,836187
縣市空氣品質一般人工測站落塵量濃度,空氣品質保護,110,11,公噸/平方公里/月,2.8
縣市空氣品質一般人工測站鉛濃度,空氣品質保護,110,11,ug/m3,0.02
縣市空氣品質一般人工測站總懸浮微粒濃度,空氣品質保護,110,11,ug/m3,54.67
環保署空氣品質一般測站臭氧濃度,空氣品質保護,110,11,ppm,0.056
環保署空氣品質一般測站二氧化氮濃度,空氣品質保護,110,11,ppm,0.013
環保署空氣品質一般測站一氧化碳濃度,空氣品質保護,110,11,ppm,0.31
環保署空氣品質一般測站二氧化硫濃度,空氣品質保護,110,11,ppm,0.002
環保署空氣品質一般測站懸浮微粒濃度,空氣品質保護,110,11,ug/m3,32.6
環保署空氣品質一般測站細懸浮微粒(手動)濃度,空氣品質保護,110,11,ug/m3,13.96
AQI>100站日數中主要污染物為PM2.5比率,空氣品質保護,110,11,%,13.4
AQI>100站日數中主要污染物為臭氧比率,空氣品質保護,110,11,%,0
AQI>100站日數比率,空氣品質保護,110,11,%,5.4
環保專業人員合格證書有效張數,其他環保統計,110,12,張,243725
環保人員訓練人次,其他環保統計,110,12,人次,578
環保署環境影響評估報告書完成審查件數,其他環保統計,110,12,件,1
環保署環境影響評估報告書應處理件數,其他環保統計,110,12,件,8
環保署環境影響說明書完成審查件數,其他環保統計,110,12,件,3
環保署環境影響說明書應處理件數,其他環保統計,110,12,件,23
污染源稽查實收罰款金額,其他環保統計,110,12,千元,105281
污染源稽查罰款次數,其他環保統計,110,12,次,15781
污染源稽查次數,其他環保統計,110,12,次,70930
其他對象之公害陳情案件數,公害陳情,110,12,件,4577
一般居民之公害陳情案件數,公害陳情,110,12,件,7264
交通工具之公害陳情案件數,公害陳情,110,12,件,180
營建工程之公害陳情案件數,公害陳情,110,12,件,3138
工業之公害陳情案件數,公害陳情,110,12,件,3321
商業之公害陳情案件數,公害陳情,110,12,件,5001
機關團體學校醫院之公害陳情案件數,公害陳情,110,12,件,285
其他污染公害陳情案件數,公害陳情,110,12,件,62
異味污染物公害陳情案件數,公害陳情,110,12,件,6741
廢棄物及環境衛生公害陳情案件數,公害陳情,110,12,件,5627
噪音公害陳情案件數,公害陳情,110,12,件,10040
水污染公害陳情案件數,公害陳情,110,12,件,459
空氣污染公害陳情案件數,公害陳情,110,12,件,837
公害陳情案件總數,公害陳情,110,12,件,23766
自來水檢驗不合格率,環境衛生及毒化物管理,110,12,%,0
垃圾焚化廠焚化(處理)量,廢棄物管理,110,12,公噸,551500
垃圾焚化廠進廠量,廢棄物管理,110,12,公噸,514173
一般廢棄物回收率,廢棄物管理,110,12,%,63.64
衛生掩埋量,廢棄物管理,110,12,公噸,7464
焚化量,廢棄物管理,110,12,公噸,276772
回收再利用量,廢棄物管理,110,12,公噸,545789
一般廢棄物處理量,廢棄物管理,110,12,公噸,830025
平均每人每日廚餘回收量,廢棄物管理,110,12,公斤,0.054
平均每人每日一般廢棄物產生量,廢棄物管理,110,12,公斤,1.183
廚餘回收量,廢棄物管理,110,12,公噸,38918
資源回收量,廢棄物管理,110,12,公噸,506871
一般垃圾量,廢棄物管理,110,12,公噸,310716
一般廢棄物產生量,廢棄物管理,110,12,公噸,857670
縣市空氣品質一般人工測站落塵量濃度,空氣品質保護,110,12,公噸/平方公里/月,4.11
縣市空氣品質一般人工測站鉛濃度,空氣品質保護,110,12,ug/m3,0.02
縣市空氣品質一般人工測站總懸浮微粒濃度,空氣品質保護,110,12,ug/m3,56.47
環保署空氣品質一般測站臭氧濃度,空氣品質保護,110,12,ppm,0.052
環保署空氣品質一般測站二氧化氮濃度,空氣品質保護,110,12,ppm,0.013
環保署空氣品質一般測站一氧化碳濃度,空氣品質保護,110,12,ppm,0.33
環保署空氣品質一般測站二氧化硫濃度,空氣品質保護,110,12,ppm,0.002
環保署空氣品質一般測站懸浮微粒濃度,空氣品質保護,110,12,ug/m3,35.1
環保署空氣品質一般測站細懸浮微粒(手動)濃度,空氣品質保護,110,12,ug/m3,16.14
AQI>100站日數中主要污染物為PM2.5比率,空氣品質保護,110,12,%,69.59
AQI>100站日數中主要污染物為臭氧比率,空氣品質保護,110,12,%,0
AQI>100站日數比率,空氣品質保護,110,12,%,7.97
環保專業人員合格證書有效張數,其他環保統計,111,1,張,244636
環保人員訓練人次,其他環保統計,111,1,人次,991
環保署環境影響評估報告書完成審查件數,其他環保統計,111,1,件,0
環保署環境影響評估報告書應處理件數,其他環保統計,111,1,件,7
環保署環境影響說明書完成審查件數,其他環保統計,111,1,件,1
環保署環境影響說明書應處理件數,其他環保統計,111,1,件,21
污染源稽查實收罰款金額,其他環保統計,111,1,千元,86132
污染源稽查罰款次數,其他環保統計,111,1,次,12132
污染源稽查次數,其他環保統計,111,1,次,58760
其他對象之公害陳情案件數,公害陳情,111,1,件,4059
一般居民之公害陳情案件數,公害陳情,111,1,件,6962
交通工具之公害陳情案件數,公害陳情,111,1,件,135
營建工程之公害陳情案件數,公害陳情,111,1,件,2753
工業之公害陳情案件數,公害陳情,111,1,件,2674
商業之公害陳情案件數,公害陳情,111,1,件,4290
機關團體學校醫院之公害陳情案件數,公害陳情,111,1,件,158
其他污染公害陳情案件數,公害陳情,111,1,件,38
異味污染物公害陳情案件數,公害陳情,111,1,件,5363
廢棄物及環境衛生公害陳情案件數,公害陳情,111,1,件,5618
噪音公害陳情案件數,公害陳情,111,1,件,8927
水污染公害陳情案件數,公害陳情,111,1,件,433
空氣污染公害陳情案件數,公害陳情,111,1,件,652
公害陳情案件總數,公害陳情,111,1,件,21031
自來水檢驗不合格率,環境衛生及毒化物管理,111,1,%,0.12
垃圾焚化廠焚化(處理)量,廢棄物管理,111,1,公噸,526959
垃圾焚化廠進廠量,廢棄物管理,111,1,公噸,561359
一般廢棄物回收率,廢棄物管理,111,1,%,0
衛生掩埋量,廢棄物管理,111,1,公噸,0
焚化量,廢棄物管理,111,1,公噸,0
回收再利用量,廢棄物管理,111,1,公噸,0
一般廢棄物處理量,廢棄物管理,111,1,公噸,0
平均每人每日廚餘回收量,廢棄物管理,111,1,公斤,0
平均每人每日一般廢棄物產生量,廢棄物管理,111,1,公斤,0
廚餘回收量,廢棄物管理,111,1,公噸,0
資源回收量,廢棄物管理,111,1,公噸,499544
一般垃圾量,廢棄物管理,111,1,公噸,0
一般廢棄物產生量,廢棄物管理,111,1,公噸,0
縣市空氣品質一般人工測站落塵量濃度,空氣品質保護,111,1,公噸/平方公里/月,3.2
縣市空氣品質一般人工測站鉛濃度,空氣品質保護,111,1,ug/m3,0.02
縣市空氣品質一般人工測站總懸浮微粒濃度,空氣品質保護,111,1,ug/m3,40.29
環保署空氣品質一般測站臭氧濃度,空氣品質保護,111,1,ppm,0.047
環保署空氣品質一般測站二氧化氮濃度,空氣品質保護,111,1,ppm,0.013
環保署空氣品質一般測站一氧化碳濃度,空氣品質保護,111,1,ppm,0.35
環保署空氣品質一般測站二氧化硫濃度,空氣品質保護,111,1,ppm,0.002
環保署空氣品質一般測站懸浮微粒濃度,空氣品質保護,111,1,ug/m3,30.8
環保署空氣品質一般測站細懸浮微粒(手動)濃度,空氣品質保護,111,1,ug/m3,17.03
AQI>100站日數中主要污染物為PM2.5比率,空氣品質保護,111,1,%,93.41
AQI>100站日數中主要污染物為臭氧比率,空氣品質保護,111,1,%,0
AQI>100站日數比率,空氣品質保護,111,1,%,8.98
環保專業人員合格證書有效張數,其他環保統計,111,2,張,244800
環保人員訓練人次,其他環保統計,111,2,人次,895
環保署環境影響評估報告書完成審查件數,其他環保統計,111,2,件,0
環保署環境影響評估報告書應處理件數,其他環保統計,111,2,件,7
環保署環境影響說明書完成審查件數,其他環保統計,111,2,件,1
環保署環境影響說明書應處理件數,其他環保統計,111,2,件,32
污染源稽查實收罰款金額,其他環保統計,111,2,千元,88901
污染源稽查罰款次數,其他環保統計,111,2,次,15456
污染源稽查次數,其他環保統計,111,2,次,50298
其他對象之公害陳情案件數,公害陳情,111,2,件,3263
一般居民之公害陳情案件數,公害陳情,111,2,件,5170
交通工具之公害陳情案件數,公害陳情,111,2,件,116
營建工程之公害陳情案件數,公害陳情,111,2,件,2048
工業之公害陳情案件數,公害陳情,111,2,件,1445
商業之公害陳情案件數,公害陳情,111,2,件,3021
機關團體學校醫院之公害陳情案件數,公害陳情,111,2,件,106
其他污染公害陳情案件數,公害陳情,111,2,件,41
異味污染物公害陳情案件數,公害陳情,111,2,件,3769
廢棄物及環境衛生公害陳情案件數,公害陳情,111,2,件,4211
噪音公害陳情案件數,公害陳情,111,2,件,6541
水污染公害陳情案件數,公害陳情,111,2,件,256
空氣污染公害陳情案件數,公害陳情,111,2,件,351
公害陳情案件總數,公害陳情,111,2,件,15169
自來水檢驗不合格率,環境衛生及毒化物管理,111,2,%,0
垃圾焚化廠焚化(處理)量,廢棄物管理,111,2,公噸,506745
垃圾焚化廠進廠量,廢棄物管理,111,2,公噸,466270
一般廢棄物回收率,廢棄物管理,111,2,%,0
衛生掩埋量,廢棄物管理,111,2,公噸,0
焚化量,廢棄物管理,111,2,公噸,0
回收再利用量,廢棄物管理,111,2,公噸,0
一般廢棄物處理量,廢棄物管理,111,2,公噸,0
平均每人每日廚餘回收量,廢棄物管理,111,2,公斤,0
平均每人每日一般廢棄物產生量,廢棄物管理,111,2,公斤,0
廚餘回收量,廢棄物管理,111,2,公噸,0
資源回收量,廢棄物管理,111,2,公噸,443066
一般垃圾量,廢棄物管理,111,2,公噸,0
一般廢棄物產生量,廢棄物管理,111,2,公噸,0
縣市空氣品質一般人工測站落塵量濃度,空氣品質保護,111,2,公噸/平方公里/月,2.24
縣市空氣品質一般人工測站鉛濃度,空氣品質保護,111,2,ug/m3,0.01
縣市空氣品質一般人工測站總懸浮微粒濃度,空氣品質保護,111,2,ug/m3,33.63
環保署空氣品質一般測站臭氧濃度,空氣品質保護,111,2,ppm,0.049
環保署空氣品質一般測站二氧化氮濃度,空氣品質保護,111,2,ppm,0.011
環保署空氣品質一般測站一氧化碳濃度,空氣品質保護,111,2,ppm,0.31
環保署空氣品質一般測站二氧化硫濃度,空氣品質保護,111,2,ppm,0.001
環保署空氣品質一般測站懸浮微粒濃度,空氣品質保護,111,2,ug/m3,24.1
環保署空氣品質一般測站細懸浮微粒(手動)濃度,空氣品質保護,111,2,ug/m3,13.01
AQI>100站日數中主要污染物為PM2.5比率,空氣品質保護,111,2,%,86.87
AQI>100站日數中主要污染物為臭氧比率,空氣品質保護,111,2,%,0
AQI>100站日數比率,空氣品質保護,111,2,%,5.89
環保專業人員合格證書有效張數,其他環保統計,111,3,張,246122
環保人員訓練人次,其他環保統計,111,3,人次,2190
環保署環境影響評估報告書完成審查件數,其他環保統計,111,3,件,0
環保署環境影響評估報告書應處理件數,其他環保統計,111,3,件,7
環保署環境影響說明書完成審查件數,其他環保統計,111,3,件,2
環保署環境影響說明書應處理件數,其他環保統計,111,3,件,37
污染源稽查實收罰款金額,其他環保統計,111,3,千元,107652
污染源稽查罰款次數,其他環保統計,111,3,次,26766
污染源稽查次數,其他環保統計,111,3,次,78055
其他對象之公害陳情案件數,公害陳情,111,3,件,5028
一般居民之公害陳情案件數,公害陳情,111,3,件,7834
交通工具之公害陳情案件數,公害陳情,111,3,件,179
營建工程之公害陳情案件數,公害陳情,111,3,件,3506
工業之公害陳情案件數,公害陳情,111,3,件,2517
商業之公害陳情案件數,公害陳情,111,3,件,4146
機關團體學校醫院之公害陳情案件數,公害陳情,111,3,件,219
其他污染公害陳情案件數,公害陳情,111,3,件,61
異味污染物公害陳情案件數,公害陳情,111,3,件,6209
廢棄物及環境衛生公害陳情案件數,公害陳情,111,3,件,6618
噪音公害陳情案件數,公害陳情,111,3,件,9329
